CREATE USER NEWPCSTORE IDENTIFIED BY NEWPCSTORE
DEFAULT TABLESPACE "USERS"
TEMPORARY TABLESPACE "TEMP";

GRANT RESOURCE TO NEWPCSTORE;
GRANT CONNECT TO NEWPCSTORE
--------------------------------------------------
DROP TABLE USUARIOS;
DROP TABLE ROL;
DROP TABLE PRODUCTOS;
DROP TABLE USUARIOS;
DROP TABLE EQUIPOS;

-----------------------------------------------

CREATE TABLE ROL (
ID_ROL INT NOT NULL,
ROL VARCHAR (40) NOT NULL,
PRIMARY KEY(ID_ROL));

--------------------------------------------------

CREATE TABLE USUARIOS (
  ID_USUARIO INT NOT NULL,
  NOMBRE VARCHAR (45) NOT NULL,
  APELLIDO VARCHAR (45) NOT NULL,
  CORREO VARCHAR (45),
  CONTRASEÑA VARCHAR (45) NOT NULL,
  FECHA_INSCRIPCION DATE,
  ROL_ID INT NOT NULL,
  PRIMARY KEY (ID_USUARIO),
  FOREIGN KEY (ROL_ID) REFERENCES ROL (ID_ROL));
  
   CREATE TABLE PRODUCTOS (
  ID_PRODUCTO INT NOT NULL,
  REFERENCIA VARCHAR (45) NOT NULL,
  SERIAL VARCHAR (45) NOT NULL,
  PERFIL VARCHAR (45) NOT NULL,
  PRECIO INT NOT NULL,
  CANTIDAD INT NOT NULL,
  PRIMARY KEY (ID_PRODUCTO));
  
  
 CREATE TABLE PEDIDOS (
  ID_PEDIDO INT NOT NULL,
  USUARIO_ID INT NOT NULL,
  PRODUCTO_ID INT NOT NULL,
  CANTIDAD INT NOT NULL,
  PRECIO INT NOT NULL,
  PRIMARY KEY (ID_PEDIDO),
  FOREIGN KEY (USUARIO_ID) REFERENCES USUARIOS (ID_USUARIO),
  FOREIGN KEY (PRODUCTO_ID) REFERENCES PRODUCTOS (ID_PRODUCTO)
  );

  CREATE TABLE PERFIL_CLIENTES (
  ID_PERFIL_CLIENTE INT NOT NULL,
  PERFIL VARCHAR (45) NOT NULL,
  PRIMARY KEY (ID_PERFIL_CLIENTE));



  CREATE TABLE EQUIPOS (
  ID_EQUIPO INT NOT NULL,
  TIPO_EQUIPO VARCHAR (45) NOT NULL,
  PERFIL_EQUIPO VARCHAR (45) NOT NULL,
  MODELO VARCHAR (45) NOT NULL,
  CARACTERISTICAS VARCHAR (100) NOT NULL,
  PERFIL_CLIENTE_ID INT NOT NULL,
  PRECIO VARCHAR (45) NOT NULL,
  PRIMARY KEY (ID_EQUIPO),
  FOREIGN KEY (PERFIL_CLIENTE_ID) REFERENCES PERFIL_CLIENTES (ID_PERFIL_CLIENTE));
  
  

  ----------------------------------------------------

INSERT INTO USUARIOS (ID_USUARIO, NOMBRE, APELLIDO, CORREO, CONTRASEÑA, FECHA_INSCRIPCION, ROL_ID) VALUES (1,'Kevin','Torres','kevin100@gmail.com','123456789',null,1);
INSERT INTO USUARIOS (ID_USUARIO, NOMBRE, APELLIDO, CORREO, CONTRASEÑA, FECHA_INSCRIPCION, ROL_ID) VALUES (2,'Edwin','Upegui','edwin100@gmail.com','123456789',null,2);
-------------------------------------------------------
INSERT INTO ROL (ID_ROL, ROL) VALUES (1,'ADMINISTRADOR');
INSERT INTO ROL (ID_ROL, ROL) VALUES (2,'USUARIO');

---------------------------------------------------------
INSERT INTO PRODUCTOS (ID_PRODUCTO, REFERENCIA, SERIAL, PERFIL, PRECIO, CANTIDAD) VALUES (1,'X250','D7E000123','Diseño',1700000,5);
INSERT INTO PRODUCTOS (ID_PRODUCTO, REFERENCIA, SERIAL, PERFIL, PRECIO, CANTIDAD) VALUES (2,'L3E45','D7E123TGF','Gamer',2300000,9);
-------------------------------------------------------

INSERT INTO PEDIDOS (ID_PEDIDO, USUARIO_ID, PRODUCTO_ID, CANTIDAD, PRECIO) VALUES (1,12,1,1,1700000);
INSERT INTO PEDIDOS (ID_PEDIDO, USUARIO_ID, PRODUCTO_ID, CANTIDAD, PRECIO) VALUES (2,15,2,1,2300000);
-------------------------------------------------------
INSERT INTO PERFIL_CLIENTES (ID_PERFIL_CLIENTE, PERFIL) VALUES (1,'JUGADOR');
INSERT INTO PERFIL_CLIENTES (ID_PERFIL_CLIENTE, PERFIL) VALUES (2,'EMPRESARIO');
INSERT INTO PERFIL_CLIENTES (ID_PERFIL_CLIENTE, PERFIL) VALUES (3,'ESTUDIANTE');
INSERT INTO PERFIL_CLIENTES (ID_PERFIL_CLIENTE, PERFIL) VALUES (4,'DISEÑADOR');
INSERT INTO PERFIL_CLIENTES (ID_PERFIL_CLIENTE, PERFIL) VALUES (5,'HOGARES');
----------------------------------------------------------
  
INSERT INTO EQUIPOS (ID_EQUIPO, TIPO_EQUIPO, PERFIL_EQUIPO, MODELO ,CARACTERISTICAS, PERFIL_CLIENTE_ID, PRECIO) VALUES (1, 'PORTATIL', 'GAMER', 'Lenovo Legion Y545' , 'Core I7 9750h-512 Ssd+1tb-gtx1660ti-16gb', 1, '$ 5.799.999');
INSERT INTO EQUIPOS (ID_EQUIPO, TIPO_EQUIPO, PERFIL_EQUIPO, MODELO ,CARACTERISTICAS, PERFIL_CLIENTE_ID, PRECIO) VALUES (2, 'PORTATIL', 'GAMER', 'Gaming 3' , 'CORE I5 10300h Gtx 1650 4g Ssd256gb+1tb 8g', 1,'$ 3.679.000');
INSERT INTO EQUIPOS (ID_EQUIPO, TIPO_EQUIPO, PERFIL_EQUIPO, MODELO ,CARACTERISTICAS, PERFIL_CLIENTE_ID, PRECIO) VALUES (3, 'PORTATIL', 'GAMER', 'Lenovo Y7000' , 'I7-8750h 1tb+256gb Tv 1060 6g', 1,'$4.700.00');
INSERT INTO EQUIPOS (ID_EQUIPO, TIPO_EQUIPO, PERFIL_EQUIPO, MODELO ,CARACTERISTICAS, PERFIL_CLIENTE_ID, PRECIO) VALUES (4, 'PORTATIL', 'CORPORATIVO', 'Lenovo ThinkPad T490' , '(14”, Intel) Intel Core i7-8565U Processor ( 1,80GHz 8MB )', 2,'$ 4.759.881');
INSERT INTO EQUIPOS (ID_EQUIPO, TIPO_EQUIPO, PERFIL_EQUIPO, MODELO ,CARACTERISTICAS, PERFIL_CLIENTE_ID, PRECIO) VALUES (5, 'PORTATIL', 'CORPORATIVO', 'Thinkpad T480s' , 'Thinkpad T480s I5 8va 8gb 256ssd', 2,'$3.700.000');
INSERT INTO EQUIPOS (ID_EQUIPO, TIPO_EQUIPO, PERFIL_EQUIPO, MODELO ,CARACTERISTICAS, PERFIL_CLIENTE_ID, PRECIO) VALUES (6, 'PORTATIL', 'CORPORATIVO', 'Thinkpad X1 Yoga' , 'i7-8va/16gb/512ssd/qhd 4k', 2,'$ 8.000.000');
INSERT INTO EQUIPOS (ID_EQUIPO, TIPO_EQUIPO, PERFIL_EQUIPO, MODELO ,CARACTERISTICAS, PERFIL_CLIENTE_ID, PRECIO) VALUES (7, 'PORTATIL', 'ESTUDIO', 'Lenovo S145' , 'Ci3 10gen Hdd 1tb Ram 4gb Win10', 3,'$ 1.648.000');
INSERT INTO EQUIPOS (ID_EQUIPO, TIPO_EQUIPO, PERFIL_EQUIPO, MODELO ,CARACTERISTICAS, PERFIL_CLIENTE_ID, PRECIO) VALUES (9, 'PORTATIL', 'ESTUDIO', 'Portatil Lenovo S145-14ast' , '(amd A6 9225 2.6g 2c Mb.)', 3,'$ 1.648.000');
INSERT INTO EQUIPOS (ID_EQUIPO, TIPO_EQUIPO, PERFIL_EQUIPO, MODELO ,CARACTERISTICAS, PERFIL_CLIENTE_ID, PRECIO) VALUES (8, 'PORTATIL', 'ESTUDIO', 'Lenovo S145' , 'Ci3 10gen Hdd 1tb Ram 4gb Win10', 3,'$ 1.648.000');
INSERT INTO EQUIPOS (ID_EQUIPO, TIPO_EQUIPO, PERFIL_EQUIPO, MODELO ,CARACTERISTICAS, PERFIL_CLIENTE_ID, PRECIO) VALUES (10, 'PORTATIL', 'ESTUDIO', 'ThinkBook 14s - Mineral Grey' , 'CI7 8Gen/8GB/256 SSD/', 3,'$ 2.000.000');
INSERT INTO EQUIPOS (ID_EQUIPO, TIPO_EQUIPO, PERFIL_EQUIPO, MODELO ,CARACTERISTICAS, PERFIL_CLIENTE_ID, PRECIO) VALUES (11, 'PORTATIL', 'DISEÑO', 'ThinkPad L13 Yoga (13.3”, Intel)' , 'CI5 10Gen/8GB DDR4/512 SSD/W10', 4,'$ 5.206.851');
INSERT INTO EQUIPOS (ID_EQUIPO, TIPO_EQUIPO, PERFIL_EQUIPO, MODELO ,CARACTERISTICAS, PERFIL_CLIENTE_ID, PRECIO) VALUES (12, 'PORTATIL', 'DISEÑO', 'ThinkPad X1 Yoga 4ta Gen (14”, Intel)' , 'CI7 10Gen/8GB DDR3/512 SSD/W10', 4,'$ 8.199.909 ');
INSERT INTO EQUIPOS (ID_EQUIPO, TIPO_EQUIPO, PERFIL_EQUIPO, MODELO ,CARACTERISTICAS, PERFIL_CLIENTE_ID, PRECIO) VALUES (13, 'PORTATIL', 'DISEÑO', 'ThinkPad X390 Yoga (13.3", Intel)' , 'CI7 8Gen/8GB DDR4 SOLD/256 SSD/', 4,'$ 5.848.009');
INSERT INTO EQUIPOS (ID_EQUIPO, TIPO_EQUIPO, PERFIL_EQUIPO, MODELO ,CARACTERISTICAS, PERFIL_CLIENTE_ID, PRECIO) VALUES (14, 'PORTATIL', 'HOGAR', 'Hp 14-ck1023la' , 'Ci3 8gen Hdd 500gb Ram 4gb Win10', 5,'$ 1.848.009');
INSERT INTO EQUIPOS (ID_EQUIPO, TIPO_EQUIPO, PERFIL_EQUIPO, MODELO ,CARACTERISTICAS, PERFIL_CLIENTE_ID, PRECIO) VALUES (15, 'PORTATIL', 'HOGAR', 'Asus S530fa' , 'Ci3 8gen 4gb Ram  dd5gb', 5,'$ 1.900.009');
INSERT INTO EQUIPOS (ID_EQUIPO, TIPO_EQUIPO, PERFIL_EQUIPO, MODELO ,CARACTERISTICAS, PERFIL_CLIENTE_ID, PRECIO) VALUES (16, 'PORTATIL', 'HOGAR', 'Asus X409fa' , 'Core I5-8265u 4gb Ram', 5,'$ 1.900.009');

-------------------------------------------------------------------------------------
INSERT INTO EQUIPOS (ID_EQUIPO, TIPO_EQUIPO, PERFIL_EQUIPO, MODELO ,CARACTERISTICAS, PERFIL_CLIENTE_ID, PRECIO) VALUES (17, 'ESCRITORIO', 'GAMER', 'Lenovo Legion Y545' , 'Core I7 9750h-512 Ssd+1tb-gtx1660ti-16gb', 1, '$ 5.799.999');
INSERT INTO EQUIPOS (ID_EQUIPO, TIPO_EQUIPO, PERFIL_EQUIPO, MODELO ,CARACTERISTICAS, PERFIL_CLIENTE_ID, PRECIO) VALUES (18, 'ESCRITORIO', 'GAMER', 'Gaming 3' , 'CORE I5 10300h Gtx 1650 4g Ssd256gb+1tb 8g', 1,'$ 3.679.000');
INSERT INTO EQUIPOS (ID_EQUIPO, TIPO_EQUIPO, PERFIL_EQUIPO, MODELO ,CARACTERISTICAS, PERFIL_CLIENTE_ID, PRECIO) VALUES (19, 'ESCRITORIO', 'GAMER', 'Lenovo Y7000' , 'I7-8750h 1tb+256gb Tv 1060 6g', 1,'$4.700.00');
INSERT INTO EQUIPOS (ID_EQUIPO, TIPO_EQUIPO, PERFIL_EQUIPO, MODELO ,CARACTERISTICAS, PERFIL_CLIENTE_ID, PRECIO) VALUES (20, 'ESCRITORIO', 'CORPORATIVO', 'Lenovo ThinkPad T490' , '(14”, Intel) Intel Core i7-8565U Processor ( 1,80GHz 8MB )', 2,'$ 4.759.881');
INSERT INTO EQUIPOS (ID_EQUIPO, TIPO_EQUIPO, PERFIL_EQUIPO, MODELO ,CARACTERISTICAS, PERFIL_CLIENTE_ID, PRECIO) VALUES (21, 'ESCRITORIO', 'CORPORATIVO', 'Thinkpad T480s' , 'Thinkpad T480s I5 8va 8gb 256ssd', 2,'$3.700.000');
INSERT INTO EQUIPOS (ID_EQUIPO, TIPO_EQUIPO, PERFIL_EQUIPO, MODELO ,CARACTERISTICAS, PERFIL_CLIENTE_ID, PRECIO) VALUES (22, 'ESCRITORIO', 'CORPORATIVO', 'Thinkpad X1 Yoga' , 'i7-8va/16gb/512ssd/qhd 4k', 2,'$ 8.000.000');
INSERT INTO EQUIPOS (ID_EQUIPO, TIPO_EQUIPO, PERFIL_EQUIPO, MODELO ,CARACTERISTICAS, PERFIL_CLIENTE_ID, PRECIO) VALUES (23, 'ESCRITORIO', 'ESTUDIO', 'Lenovo S145' , 'Ci3 10gen Hdd 1tb Ram 4gb Win10', 3,'$ 1.648.000');
INSERT INTO EQUIPOS (ID_EQUIPO, TIPO_EQUIPO, PERFIL_EQUIPO, MODELO ,CARACTERISTICAS, PERFIL_CLIENTE_ID, PRECIO) VALUES (24, 'ESCRITORIO', 'ESTUDIO', 'Lenovo S145' , 'Ci3 10gen Hdd 1tb Ram 4gb Win10', 3,'$ 1.648.000');
INSERT INTO EQUIPOS (ID_EQUIPO, TIPO_EQUIPO, PERFIL_EQUIPO, MODELO ,CARACTERISTICAS, PERFIL_CLIENTE_ID, PRECIO) VALUES (25, 'ESCRITORIO', 'ESTUDIO', 'Portatil Lenovo S145-14ast' , '(amd A6 9225 2.6g 2c Mb.)', 3,'$ 1.648.000');
INSERT INTO EQUIPOS (ID_EQUIPO, TIPO_EQUIPO, PERFIL_EQUIPO, MODELO ,CARACTERISTICAS, PERFIL_CLIENTE_ID, PRECIO) VALUES (26, 'ESCRITORIO', 'ESTUDIO', 'ThinkBook 14s - Mineral Grey' , 'CI7 8Gen/8GB/256 SSD/', 3,'$ 2.000.000');
INSERT INTO EQUIPOS (ID_EQUIPO, TIPO_EQUIPO, PERFIL_EQUIPO, MODELO ,CARACTERISTICAS, PERFIL_CLIENTE_ID, PRECIO) VALUES (27, 'ESCRITORIO', 'DISEÑO', 'ThinkPad L13 Yoga (13.3”, Intel)' , 'CI5 10Gen/8GB DDR4/512 SSD/W10', 4,'$ 5.206.851');
INSERT INTO EQUIPOS (ID_EQUIPO, TIPO_EQUIPO, PERFIL_EQUIPO, MODELO ,CARACTERISTICAS, PERFIL_CLIENTE_ID, PRECIO) VALUES (28, 'ESCRITORIO', 'DISEÑO', 'ThinkPad X1 Yoga 4ta Gen (14”, Intel)' , 'CI7 10Gen/8GB DDR3/512 SSD/W10', 4,'$ 8.199.909 ');
INSERT INTO EQUIPOS (ID_EQUIPO, TIPO_EQUIPO, PERFIL_EQUIPO, MODELO ,CARACTERISTICAS, PERFIL_CLIENTE_ID, PRECIO) VALUES (29, 'ESCRITORIO', 'DISEÑO', 'ThinkPad X390 Yoga (13.3", Intel)' , 'CI7 8Gen/8GB DDR4 SOLD/256 SSD/', 4,'$ 5.848.009');
INSERT INTO EQUIPOS (ID_EQUIPO, TIPO_EQUIPO, PERFIL_EQUIPO, MODELO ,CARACTERISTICAS, PERFIL_CLIENTE_ID, PRECIO) VALUES (30, 'ESCRITORIO', 'HOGAR', 'Hp 14-ck1023la' , 'Ci3 8gen Hdd 500gb Ram 4gb Win10', 5,'$ 1.848.009');
INSERT INTO EQUIPOS (ID_EQUIPO, TIPO_EQUIPO, PERFIL_EQUIPO, MODELO ,CARACTERISTICAS, PERFIL_CLIENTE_ID, PRECIO) VALUES (32, 'ESCRITORIO', 'HOGAR', 'Asus S530fa' , 'Ci3 8gen 4gb Ram  dd5gb', 5,'$ 1.900.009');
INSERT INTO EQUIPOS (ID_EQUIPO, TIPO_EQUIPO, PERFIL_EQUIPO, MODELO ,CARACTERISTICAS, PERFIL_CLIENTE_ID, PRECIO) VALUES (33, 'ESCRITORIO', 'HOGAR', 'Asus X409fa' , 'Core I5-8265u 4gb Ram', 5,'$ 1.900.009');

  --------------------------------------------------------

INSERT INTO EQUIPOS (ID_EQUIPO, TIPO_EQUIPO, PERFIL_EQUIPO, MODELO ,CARACTERISTICAS, PERFIL_CLIENTE_ID, PRECIO) VALUES (34, 'TODO EN UNO', 'GAMER', 'Lenovo Legion Y545' , 'Core I7 9750h-512 Ssd+1tb-gtx1660ti-16gb', 1, '$ 5.799.999');
INSERT INTO EQUIPOS (ID_EQUIPO, TIPO_EQUIPO, PERFIL_EQUIPO, MODELO ,CARACTERISTICAS, PERFIL_CLIENTE_ID, PRECIO) VALUES (35, 'TODO EN UNO', 'GAMER', 'Gaming 3' , 'CORE I5 10300h Gtx 1650 4g Ssd256gb+1tb 8g', 1,'$ 3.679.000');
INSERT INTO EQUIPOS (ID_EQUIPO, TIPO_EQUIPO, PERFIL_EQUIPO, MODELO ,CARACTERISTICAS, PERFIL_CLIENTE_ID, PRECIO) VALUES (36, 'TODO EN UNO', 'GAMER', 'Lenovo Y7000' , 'I7-8750h 1tb+256gb Tv 1060 6g', 1,'$4.700.00');
INSERT INTO EQUIPOS (ID_EQUIPO, TIPO_EQUIPO, PERFIL_EQUIPO, MODELO ,CARACTERISTICAS, PERFIL_CLIENTE_ID, PRECIO) VALUES (37, 'TODO EN UNO', 'CORPORATIVO', 'Lenovo ThinkPad T490' , '(14”, Intel) Intel Core i7-8565U Processor ( 1,80GHz 8MB )', 2,'$ 4.759.881');
INSERT INTO EQUIPOS (ID_EQUIPO, TIPO_EQUIPO, PERFIL_EQUIPO, MODELO ,CARACTERISTICAS, PERFIL_CLIENTE_ID, PRECIO) VALUES (38, 'TODO EN UNO', 'CORPORATIVO', 'Thinkpad T480s' , 'Thinkpad T480s I5 8va 8gb 256ssd', 2,'$3.700.000');
INSERT INTO EQUIPOS (ID_EQUIPO, TIPO_EQUIPO, PERFIL_EQUIPO, MODELO ,CARACTERISTICAS, PERFIL_CLIENTE_ID, PRECIO) VALUES (39, 'TODO EN UNO', 'CORPORATIVO', 'Thinkpad X1 Yoga' , 'i7-8va/16gb/512ssd/qhd 4k', 2,'$ 8.000.000');
INSERT INTO EQUIPOS (ID_EQUIPO, TIPO_EQUIPO, PERFIL_EQUIPO, MODELO ,CARACTERISTICAS, PERFIL_CLIENTE_ID, PRECIO) VALUES (40, 'TODO EN UNO', 'ESTUDIO', 'Lenovo S145' , 'Ci3 10gen Hdd 1tb Ram 4gb Win10', 3,'$ 1.648.000');
INSERT INTO EQUIPOS (ID_EQUIPO, TIPO_EQUIPO, PERFIL_EQUIPO, MODELO ,CARACTERISTICAS, PERFIL_CLIENTE_ID, PRECIO) VALUES (41, 'TODO EN UNO', 'ESTUDIO', 'Lenovo S145' , 'Ci3 10gen Hdd 1tb Ram 4gb Win10', 3,'$ 1.648.000');
INSERT INTO EQUIPOS (ID_EQUIPO, TIPO_EQUIPO, PERFIL_EQUIPO, MODELO ,CARACTERISTICAS, PERFIL_CLIENTE_ID, PRECIO) VALUES (42, 'TODO EN UNO', 'ESTUDIO', 'Portatil Lenovo S145-14ast' , '(amd A6 9225 2.6g 2c Mb.)', 3,'$ 1.648.000');
INSERT INTO EQUIPOS (ID_EQUIPO, TIPO_EQUIPO, PERFIL_EQUIPO, MODELO ,CARACTERISTICAS, PERFIL_CLIENTE_ID, PRECIO) VALUES (43, 'TODO EN UNO', 'ESTUDIO', 'ThinkBook 14s - Mineral Grey' , 'CI7 8Gen/8GB/256 SSD/', 3,'$ 2.000.000');
INSERT INTO EQUIPOS (ID_EQUIPO, TIPO_EQUIPO, PERFIL_EQUIPO, MODELO ,CARACTERISTICAS, PERFIL_CLIENTE_ID, PRECIO) VALUES (44, 'TODO EN UNO', 'DISEÑO', 'ThinkPad L13 Yoga (13.3”, Intel)' , 'CI5 10Gen/8GB DDR4/512 SSD/W10', 4,'$ 5.206.851');
INSERT INTO EQUIPOS (ID_EQUIPO, TIPO_EQUIPO, PERFIL_EQUIPO, MODELO ,CARACTERISTICAS, PERFIL_CLIENTE_ID, PRECIO) VALUES (45, 'TODO EN UNO', 'DISEÑO', 'ThinkPad X1 Yoga 4ta Gen (14”, Intel)' , 'CI7 10Gen/8GB DDR3/512 SSD/W10', 4,'$ 8.199.909 ');
INSERT INTO EQUIPOS (ID_EQUIPO, TIPO_EQUIPO, PERFIL_EQUIPO, MODELO ,CARACTERISTICAS, PERFIL_CLIENTE_ID, PRECIO) VALUES (46, 'TODO EN UNO', 'DISEÑO', 'ThinkPad X390 Yoga (13.3", Intel)' , 'CI7 8Gen/8GB DDR4 SOLD/256 SSD/', 4,'$ 5.848.009');
INSERT INTO EQUIPOS (ID_EQUIPO, TIPO_EQUIPO, PERFIL_EQUIPO, MODELO ,CARACTERISTICAS, PERFIL_CLIENTE_ID, PRECIO) VALUES (47, 'TODO EN UNO', 'HOGAR', 'Hp 14-ck1023la' , 'Ci3 8gen Hdd 500gb Ram 4gb Win10', 5,'$ 1.848.009');
INSERT INTO EQUIPOS (ID_EQUIPO, TIPO_EQUIPO, PERFIL_EQUIPO, MODELO ,CARACTERISTICAS, PERFIL_CLIENTE_ID, PRECIO) VALUES (48, 'TODO EN UNO', 'HOGAR', 'Asus S530fa' , 'Ci3 8gen 4gb Ram  dd5gb', 5,'$ 1.900.009');
INSERT INTO EQUIPOS (ID_EQUIPO, TIPO_EQUIPO, PERFIL_EQUIPO, MODELO ,CARACTERISTICAS, PERFIL_CLIENTE_ID, PRECIO) VALUES (49, 'TODO EN UNO', 'HOGAR', 'Asus X409fa' , 'Core I5-8265u 4gb Ram', 5,'$ 1.900.009');

INSERT INTO EQUIPOS (ID_EQUIPO, TIPO_EQUIPO, PERFIL_EQUIPO, MODELO ,CARACTERISTICAS, PERFIL_CLIENTE_ID, PRECIO) VALUES (50, 'HIBRIDO', 'GAMER', 'Lenovo Legion Y545' , 'Core I7 9750h-512 Ssd+1tb-gtx1660ti-16gb', 1, '$ 5.799.999');
INSERT INTO EQUIPOS (ID_EQUIPO, TIPO_EQUIPO, PERFIL_EQUIPO, MODELO ,CARACTERISTICAS, PERFIL_CLIENTE_ID, PRECIO) VALUES (51, 'HIBRIDO', 'GAMER', 'Gaming 3' , 'CORE I5 10300h Gtx 1650 4g Ssd256gb+1tb 8g', 1,'$ 3.679.000');
INSERT INTO EQUIPOS (ID_EQUIPO, TIPO_EQUIPO, PERFIL_EQUIPO, MODELO ,CARACTERISTICAS, PERFIL_CLIENTE_ID, PRECIO) VALUES (52, 'HIBRIDO', 'GAMER', 'Lenovo Y7000' , 'I7-8750h 1tb+256gb Tv 1060 6g', 1,'$4.700.00');
INSERT INTO EQUIPOS (ID_EQUIPO, TIPO_EQUIPO, PERFIL_EQUIPO, MODELO ,CARACTERISTICAS, PERFIL_CLIENTE_ID, PRECIO) VALUES (53, 'HIBRIDO', 'CORPORATIVO', 'Lenovo ThinkPad T490' , '(14”, Intel) Intel Core i7-8565U Processor ( 1,80GHz 8MB )', 2,'$ 4.759.881');
INSERT INTO EQUIPOS (ID_EQUIPO, TIPO_EQUIPO, PERFIL_EQUIPO, MODELO ,CARACTERISTICAS, PERFIL_CLIENTE_ID, PRECIO) VALUES (54, 'HIBRIDO', 'CORPORATIVO', 'Thinkpad T480s' , 'Thinkpad T480s I5 8va 8gb 256ssd', 2,'$3.700.000');
INSERT INTO EQUIPOS (ID_EQUIPO, TIPO_EQUIPO, PERFIL_EQUIPO, MODELO ,CARACTERISTICAS, PERFIL_CLIENTE_ID, PRECIO) VALUES (55, 'HIBRIDO', 'CORPORATIVO', 'Thinkpad X1 Yoga' , 'i7-8va/16gb/512ssd/qhd 4k', 2,'$ 8.000.000');
INSERT INTO EQUIPOS (ID_EQUIPO, TIPO_EQUIPO, PERFIL_EQUIPO, MODELO ,CARACTERISTICAS, PERFIL_CLIENTE_ID, PRECIO) VALUES (56, 'HIBRIDO', 'ESTUDIO', 'Lenovo S145' , 'Ci3 10gen Hdd 1tb Ram 4gb Win10', 3,'$ 1.648.000');
INSERT INTO EQUIPOS (ID_EQUIPO, TIPO_EQUIPO, PERFIL_EQUIPO, MODELO ,CARACTERISTICAS, PERFIL_CLIENTE_ID, PRECIO) VALUES (57, 'HIBRIDO', 'ESTUDIO', 'Lenovo S145' , 'Ci3 10gen Hdd 1tb Ram 4gb Win10', 3,'$ 1.648.000');
INSERT INTO EQUIPOS (ID_EQUIPO, TIPO_EQUIPO, PERFIL_EQUIPO, MODELO ,CARACTERISTICAS, PERFIL_CLIENTE_ID, PRECIO) VALUES (58, 'HIBRIDO', 'ESTUDIO', 'Portatil Lenovo S145-14ast' , '(amd A6 9225 2.6g 2c Mb.)', 3,'$ 1.648.000');
INSERT INTO EQUIPOS (ID_EQUIPO, TIPO_EQUIPO, PERFIL_EQUIPO, MODELO ,CARACTERISTICAS, PERFIL_CLIENTE_ID, PRECIO) VALUES (59, 'HIBRIDO', 'ESTUDIO', 'ThinkBook 14s - Mineral Grey' , 'CI7 8Gen/8GB/256 SSD/', 3,'$ 2.000.000');
INSERT INTO EQUIPOS (ID_EQUIPO, TIPO_EQUIPO, PERFIL_EQUIPO, MODELO ,CARACTERISTICAS, PERFIL_CLIENTE_ID, PRECIO) VALUES (60, 'HIBRIDO', 'DISEÑO', 'ThinkPad L13 Yoga (13.3”, Intel)' , 'CI5 10Gen/8GB DDR4/512 SSD/W10', 4,'$ 5.206.851');
INSERT INTO EQUIPOS (ID_EQUIPO, TIPO_EQUIPO, PERFIL_EQUIPO, MODELO ,CARACTERISTICAS, PERFIL_CLIENTE_ID, PRECIO) VALUES (61, 'HIBRIDO', 'DISEÑO', 'ThinkPad X1 Yoga 4ta Gen (14”, Intel)' , 'CI7 10Gen/8GB DDR3/512 SSD/W10', 4,'$ 8.199.909 ');
INSERT INTO EQUIPOS (ID_EQUIPO, TIPO_EQUIPO, PERFIL_EQUIPO, MODELO ,CARACTERISTICAS, PERFIL_CLIENTE_ID, PRECIO) VALUES (62, 'HIBRIDO', 'DISEÑO', 'ThinkPad X390 Yoga (13.3", Intel)' , 'CI7 8Gen/8GB DDR4 SOLD/256 SSD/', 4,'$ 5.848.009');
INSERT INTO EQUIPOS (ID_EQUIPO, TIPO_EQUIPO, PERFIL_EQUIPO, MODELO ,CARACTERISTICAS, PERFIL_CLIENTE_ID, PRECIO) VALUES (63, 'HIBRIDO', 'HOGAR', 'Hp 14-ck1023la' , 'Ci3 8gen Hdd 500gb Ram 4gb Win10', 5,'$ 1.848.009');
INSERT INTO EQUIPOS (ID_EQUIPO, TIPO_EQUIPO, PERFIL_EQUIPO, MODELO ,CARACTERISTICAS, PERFIL_CLIENTE_ID, PRECIO) VALUES (64, 'HIBRIDO', 'HOGAR', 'Asus S530fa' , 'Ci3 8gen 4gb Ram  dd5gb', 5,'$ 1.900.009');
INSERT INTO EQUIPOS (ID_EQUIPO, TIPO_EQUIPO, PERFIL_EQUIPO, MODELO ,CARACTERISTICAS, PERFIL_CLIENTE_ID, PRECIO) VALUES (65, 'HIBRIDO', 'HOGAR', 'Asus X409fa' , 'Core I5-8265u 4gb Ram', 5,'$ 1.900.009');

  --------------------------------------------------------
INSERT INTO EQUIPOS (ID_EQUIPO, TIPO_EQUIPO, PERFIL_EQUIPO, MODELO ,CARACTERISTICAS, PERFIL_CLIENTE_ID, PRECIO) VALUES (66, 'PORTATIL', 'GAMER', 'Lenovo Legion Y545' , 'Core I7 9750h-512 Ssd+1tb-gtx1660ti-16gb', 1, '$ 5.799.999');
INSERT INTO EQUIPOS (ID_EQUIPO, TIPO_EQUIPO, PERFIL_EQUIPO, MODELO ,CARACTERISTICAS, PERFIL_CLIENTE_ID, PRECIO) VALUES (67, 'PORTATIL', 'GAMER', 'Gaming 3' , 'CORE I5 10300h Gtx 1650 4g Ssd256gb+1tb 8g', 1,'$ 3.679.000');
INSERT INTO EQUIPOS (ID_EQUIPO, TIPO_EQUIPO, PERFIL_EQUIPO, MODELO ,CARACTERISTICAS, PERFIL_CLIENTE_ID, PRECIO) VALUES (68, 'PORTATIL', 'GAMER', 'Lenovo Y7000' , 'I7-8750h 1tb+256gb Tv 1060 6g', 1,'$4.700.00');
INSERT INTO EQUIPOS (ID_EQUIPO, TIPO_EQUIPO, PERFIL_EQUIPO, MODELO ,CARACTERISTICAS, PERFIL_CLIENTE_ID, PRECIO) VALUES (69, 'PORTATIL', 'CORPORATIVO', 'Lenovo ThinkPad T490' , '(14”, Intel) Intel Core i7-8565U Processor ( 1,80GHz 8MB )', 2,'$ 4.759.881');
INSERT INTO EQUIPOS (ID_EQUIPO, TIPO_EQUIPO, PERFIL_EQUIPO, MODELO ,CARACTERISTICAS, PERFIL_CLIENTE_ID, PRECIO) VALUES (70, 'PORTATIL', 'CORPORATIVO', 'Thinkpad T480s' , 'Thinkpad T480s I5 8va 8gb 256ssd', 2,'$3.700.000');
INSERT INTO EQUIPOS (ID_EQUIPO, TIPO_EQUIPO, PERFIL_EQUIPO, MODELO ,CARACTERISTICAS, PERFIL_CLIENTE_ID, PRECIO) VALUES (71, 'PORTATIL', 'CORPORATIVO', 'Thinkpad X1 Yoga' , 'i7-8va/16gb/512ssd/qhd 4k', 2,'$ 8.000.000');
INSERT INTO EQUIPOS (ID_EQUIPO, TIPO_EQUIPO, PERFIL_EQUIPO, MODELO ,CARACTERISTICAS, PERFIL_CLIENTE_ID, PRECIO) VALUES (72, 'PORTATIL', 'ESTUDIO', 'Lenovo S145' , 'Ci3 10gen Hdd 1tb Ram 4gb Win10', 3,'$ 1.648.000');
INSERT INTO EQUIPOS (ID_EQUIPO, TIPO_EQUIPO, PERFIL_EQUIPO, MODELO ,CARACTERISTICAS, PERFIL_CLIENTE_ID, PRECIO) VALUES (73, 'PORTATIL', 'ESTUDIO', 'Portatil Lenovo S145-14ast' , '(amd A6 9225 2.6g 2c Mb.)', 3,'$ 1.648.000');
INSERT INTO EQUIPOS (ID_EQUIPO, TIPO_EQUIPO, PERFIL_EQUIPO, MODELO ,CARACTERISTICAS, PERFIL_CLIENTE_ID, PRECIO) VALUES (74, 'PORTATIL', 'ESTUDIO', 'Lenovo S145' , 'Ci3 10gen Hdd 1tb Ram 4gb Win10', 3,'$ 1.648.000');
INSERT INTO EQUIPOS (ID_EQUIPO, TIPO_EQUIPO, PERFIL_EQUIPO, MODELO ,CARACTERISTICAS, PERFIL_CLIENTE_ID, PRECIO) VALUES (75, 'PORTATIL', 'ESTUDIO', 'ThinkBook 14s - Mineral Grey' , 'CI7 8Gen/8GB/256 SSD/', 3,'$ 2.000.000');
INSERT INTO EQUIPOS (ID_EQUIPO, TIPO_EQUIPO, PERFIL_EQUIPO, MODELO ,CARACTERISTICAS, PERFIL_CLIENTE_ID, PRECIO) VALUES (76, 'PORTATIL', 'DISEÑO', 'ThinkPad L13 Yoga (13.3”, Intel)' , 'CI5 10Gen/8GB DDR4/512 SSD/W10', 4,'$ 5.206.851');
INSERT INTO EQUIPOS (ID_EQUIPO, TIPO_EQUIPO, PERFIL_EQUIPO, MODELO ,CARACTERISTICAS, PERFIL_CLIENTE_ID, PRECIO) VALUES (77, 'PORTATIL', 'DISEÑO', 'ThinkPad 41 Yoga 4ta Gen (14”, Intel)' , 'CI7 10Gen/8GB DDR3/512 SSD/W10', 4,'$ 8.199.909 ');
INSERT INTO EQUIPOS (ID_EQUIPO, TIPO_EQUIPO, PERFIL_EQUIPO, MODELO ,CARACTERISTICAS, PERFIL_CLIENTE_ID, PRECIO) VALUES (78, 'PORTATIL', 'DISEÑO', 'ThinkPad X90 Yoga (13.3", Intel)' , 'CI7 8Gen/8GB DDR4 SOLD/256 SSD/', 4,'$ 5.848.009');
INSERT INTO EQUIPOS (ID_EQUIPO, TIPO_EQUIPO, PERFIL_EQUIPO, MODELO ,CARACTERISTICAS, PERFIL_CLIENTE_ID, PRECIO) VALUES (79, 'PORTATIL', 'HOGAR', 'Hp 14-ck1023la' , 'Ci3 8gen Hdd 500gb Ram 4gb Win10', 5,'$ 1.848.009');
INSERT INTO EQUIPOS (ID_EQUIPO, TIPO_EQUIPO, PERFIL_EQUIPO, MODELO ,CARACTERISTICAS, PERFIL_CLIENTE_ID, PRECIO) VALUES (80, 'PORTATIL', 'HOGAR', 'Asus S50fa' , 'Ci3 8gen 4gb Ram  dd5gb', 5,'$ 1.900.009');
INSERT INTO EQUIPOS (ID_EQUIPO, TIPO_EQUIPO, PERFIL_EQUIPO, MODELO ,CARACTERISTICAS, PERFIL_CLIENTE_ID, PRECIO) VALUES (81, 'PORTATIL', 'HOGAR', 'Asus X409a' , 'Core I5-8265u 4gb Ram', 5,'$ 1.900.009');

-------------------------------------------------------------------------------------
INSERT INTO EQUIPOS (ID_EQUIPO, TIPO_EQUIPO, PERFIL_EQUIPO, MODELO ,CARACTERISTICAS, PERFIL_CLIENTE_ID, PRECIO) VALUES (82, 'ESCRITORIO', 'GAMER', 'Lenovo Legion Y545' , 'Core I7 9750h-512 Ssd+1tb-gtx1660ti-16gb', 1, '$ 5.799.999');
INSERT INTO EQUIPOS (ID_EQUIPO, TIPO_EQUIPO, PERFIL_EQUIPO, MODELO ,CARACTERISTICAS, PERFIL_CLIENTE_ID, PRECIO) VALUES (83, 'ESCRITORIO', 'GAMER', 'Gaming 3' , 'CORE I5 10300h Gtx 1650 4g Ssd256gb+1tb 8g', 1,'$ 3.679.000');
INSERT INTO EQUIPOS (ID_EQUIPO, TIPO_EQUIPO, PERFIL_EQUIPO, MODELO ,CARACTERISTICAS, PERFIL_CLIENTE_ID, PRECIO) VALUES (84, 'ESCRITORIO', 'GAMER', 'Lenovo Y7000' , 'I7-8750h 1tb+256gb Tv 1060 6g', 1,'$4.700.00');
INSERT INTO EQUIPOS (ID_EQUIPO, TIPO_EQUIPO, PERFIL_EQUIPO, MODELO ,CARACTERISTICAS, PERFIL_CLIENTE_ID, PRECIO) VALUES (85, 'ESCRITORIO', 'CORPORATIVO', 'Lenovo ThinkPad T490' , '(14”, Intel) Intel Core i7-8565U Processor ( 1,80GHz 8MB )', 2,'$ 4.759.881');
INSERT INTO EQUIPOS (ID_EQUIPO, TIPO_EQUIPO, PERFIL_EQUIPO, MODELO ,CARACTERISTICAS, PERFIL_CLIENTE_ID, PRECIO) VALUES (86, 'ESCRITORIO', 'CORPORATIVO', 'Thinkpad T480s' , 'Thinkpad T480s I5 8va 8gb 256ssd', 2,'$3.700.000');
INSERT INTO EQUIPOS (ID_EQUIPO, TIPO_EQUIPO, PERFIL_EQUIPO, MODELO ,CARACTERISTICAS, PERFIL_CLIENTE_ID, PRECIO) VALUES (87, 'ESCRITORIO', 'CORPORATIVO', 'Thinkpad X1 Yoga' , 'i7-8va/16gb/512ssd/qhd 4k', 2,'$ 8.000.000');
INSERT INTO EQUIPOS (ID_EQUIPO, TIPO_EQUIPO, PERFIL_EQUIPO, MODELO ,CARACTERISTICAS, PERFIL_CLIENTE_ID, PRECIO) VALUES (88, 'ESCRITORIO', 'ESTUDIO', 'Lenovo S145' , 'Ci3 10gen Hdd 1tb Ram 4gb Win10', 3,'$ 1.648.000');
INSERT INTO EQUIPOS (ID_EQUIPO, TIPO_EQUIPO, PERFIL_EQUIPO, MODELO ,CARACTERISTICAS, PERFIL_CLIENTE_ID, PRECIO) VALUES (89, 'ESCRITORIO', 'ESTUDIO', 'Lenovo S145' , 'Ci3 10gen Hdd 1tb Ram 4gb Win10', 3,'$ 1.648.000');
INSERT INTO EQUIPOS (ID_EQUIPO, TIPO_EQUIPO, PERFIL_EQUIPO, MODELO ,CARACTERISTICAS, PERFIL_CLIENTE_ID, PRECIO) VALUES (90, 'ESCRITORIO', 'ESTUDIO', 'Portatil Lenovo S145-14ast' , '(amd A6 9225 2.6g 2c Mb.)', 3,'$ 1.648.000');
INSERT INTO EQUIPOS (ID_EQUIPO, TIPO_EQUIPO, PERFIL_EQUIPO, MODELO ,CARACTERISTICAS, PERFIL_CLIENTE_ID, PRECIO) VALUES (91, 'ESCRITORIO', 'ESTUDIO', 'ThinkBook 14s - Mineral Grey' , 'CI7 8Gen/8GB/256 SSD/', 3,'$ 2.000.000');
INSERT INTO EQUIPOS (ID_EQUIPO, TIPO_EQUIPO, PERFIL_EQUIPO, MODELO ,CARACTERISTICAS, PERFIL_CLIENTE_ID, PRECIO) VALUES (92, 'ESCRITORIO', 'DISEÑO', 'ThinkPad L13 Yoga (13.3”, Intel)' , 'CI5 10Gen/8GB DDR4/512 SSD/W10', 4,'$ 5.206.851');
INSERT INTO EQUIPOS (ID_EQUIPO, TIPO_EQUIPO, PERFIL_EQUIPO, MODELO ,CARACTERISTICAS, PERFIL_CLIENTE_ID, PRECIO) VALUES (93, 'ESCRITORIO', 'DISEÑO', 'ThinkPad X1 Yoga 4ta Gen (14”, Intel)' , 'CI7 10Gen/8GB DDR3/512 SSD/W10', 4,'$ 8.199.909 ');
INSERT INTO EQUIPOS (ID_EQUIPO, TIPO_EQUIPO, PERFIL_EQUIPO, MODELO ,CARACTERISTICAS, PERFIL_CLIENTE_ID, PRECIO) VALUES (94, 'ESCRITORIO', 'DISEÑO', 'ThinkPad X390 Yoga (13.3", Intel)' , 'CI7 8Gen/8GB DDR4 SOLD/256 SSD/', 4,'$ 5.848.009');
INSERT INTO EQUIPOS (ID_EQUIPO, TIPO_EQUIPO, PERFIL_EQUIPO, MODELO ,CARACTERISTICAS, PERFIL_CLIENTE_ID, PRECIO) VALUES (95, 'ESCRITORIO', 'HOGAR', 'Hp 14-ck1023la' , 'Ci3 8gen Hdd 500gb Ram 4gb Win10', 5,'$ 1.848.009');
INSERT INTO EQUIPOS (ID_EQUIPO, TIPO_EQUIPO, PERFIL_EQUIPO, MODELO ,CARACTERISTICAS, PERFIL_CLIENTE_ID, PRECIO) VALUES (96, 'ESCRITORIO', 'HOGAR', 'Asus S530fa' , 'Ci3 8gen 4gb Ram  dd5gb', 5,'$ 1.900.009');
INSERT INTO EQUIPOS (ID_EQUIPO, TIPO_EQUIPO, PERFIL_EQUIPO, MODELO ,CARACTERISTICAS, PERFIL_CLIENTE_ID, PRECIO) VALUES (97, 'ESCRITORIO', 'HOGAR', 'Asus X409fa' , 'Core I5-8265u 4gb Ram', 5,'$ 1.900.009');

INSERT INTO EQUIPOS (ID_EQUIPO, TIPO_EQUIPO, PERFIL_EQUIPO, MODELO ,CARACTERISTICAS, PERFIL_CLIENTE_ID, PRECIO) VALUES (98, 'TODO EN UNO', 'GAMER', 'Lenovo Legion Y545' , 'Core I7 9750h-512 Ssd+1tb-gtx1660ti-16gb', 1, '$ 5.799.999');
INSERT INTO EQUIPOS (ID_EQUIPO, TIPO_EQUIPO, PERFIL_EQUIPO, MODELO ,CARACTERISTICAS, PERFIL_CLIENTE_ID, PRECIO) VALUES (99, 'TODO EN UNO', 'GAMER', 'Gaming 3' , 'CORE I5 10300h Gtx 1650 4g Ssd256gb+1tb 8g', 1,'$ 3.679.000');
INSERT INTO EQUIPOS (ID_EQUIPO, TIPO_EQUIPO, PERFIL_EQUIPO, MODELO ,CARACTERISTICAS, PERFIL_CLIENTE_ID, PRECIO) VALUES (100, 'TODO EN UNO', 'GAMER', 'Lenovo Y7000' , 'I7-8750h 1tb+256gb Tv 1060 6g', 1,'$4.700.00');
INSERT INTO EQUIPOS (ID_EQUIPO, TIPO_EQUIPO, PERFIL_EQUIPO, MODELO ,CARACTERISTICAS, PERFIL_CLIENTE_ID, PRECIO) VALUES (101, 'TODO EN UNO', 'CORPORATIVO', 'Lenovo ThinkPad T490' , '(14”, Intel) Intel Core i7-8565U Processor ( 1,80GHz 8MB )', 2,'$ 4.759.881');
INSERT INTO EQUIPOS (ID_EQUIPO, TIPO_EQUIPO, PERFIL_EQUIPO, MODELO ,CARACTERISTICAS, PERFIL_CLIENTE_ID, PRECIO) VALUES (102, 'TODO EN UNO', 'CORPORATIVO', 'Thinkpad T480s' , 'Thinkpad T480s I5 8va 8gb 256ssd', 2,'$3.700.000');
INSERT INTO EQUIPOS (ID_EQUIPO, TIPO_EQUIPO, PERFIL_EQUIPO, MODELO ,CARACTERISTICAS, PERFIL_CLIENTE_ID, PRECIO) VALUES (103, 'TODO EN UNO', 'CORPORATIVO', 'Thinkpad X1 Yoga' , 'i7-8va/16gb/512ssd/qhd 4k', 2,'$ 8.000.000');
INSERT INTO EQUIPOS (ID_EQUIPO, TIPO_EQUIPO, PERFIL_EQUIPO, MODELO ,CARACTERISTICAS, PERFIL_CLIENTE_ID, PRECIO) VALUES (104, 'TODO EN UNO', 'ESTUDIO', 'Lenovo S145' , 'Ci3 10gen Hdd 1tb Ram 4gb Win10', 3,'$ 1.648.000');
INSERT INTO EQUIPOS (ID_EQUIPO, TIPO_EQUIPO, PERFIL_EQUIPO, MODELO ,CARACTERISTICAS, PERFIL_CLIENTE_ID, PRECIO) VALUES (105, 'TODO EN UNO', 'ESTUDIO', 'Lenovo S145' , 'Ci3 10gen Hdd 1tb Ram 4gb Win10', 3,'$ 1.648.000');
INSERT INTO EQUIPOS (ID_EQUIPO, TIPO_EQUIPO, PERFIL_EQUIPO, MODELO ,CARACTERISTICAS, PERFIL_CLIENTE_ID, PRECIO) VALUES (106, 'TODO EN UNO', 'ESTUDIO', 'Portatil Lenovo S145-14ast' , '(amd A6 9225 2.6g 2c Mb.)', 3,'$ 1.648.000');
INSERT INTO EQUIPOS (ID_EQUIPO, TIPO_EQUIPO, PERFIL_EQUIPO, MODELO ,CARACTERISTICAS, PERFIL_CLIENTE_ID, PRECIO) VALUES (107, 'TODO EN UNO', 'ESTUDIO', 'ThinkBook 14s - Mineral Grey' , 'CI7 8Gen/8GB/256 SSD/', 3,'$ 2.000.000');
INSERT INTO EQUIPOS (ID_EQUIPO, TIPO_EQUIPO, PERFIL_EQUIPO, MODELO ,CARACTERISTICAS, PERFIL_CLIENTE_ID, PRECIO) VALUES (108, 'TODO EN UNO', 'DISEÑO', 'ThinkPad L13 Yoga (13.3”, Intel)' , 'CI5 10Gen/8GB DDR4/512 SSD/W10', 4,'$ 5.206.851');
INSERT INTO EQUIPOS (ID_EQUIPO, TIPO_EQUIPO, PERFIL_EQUIPO, MODELO ,CARACTERISTICAS, PERFIL_CLIENTE_ID, PRECIO) VALUES (109, 'TODO EN UNO', 'DISEÑO', 'ThinkPad X1 Yoga 4ta Gen (14”, Intel)' , 'CI7 10Gen/8GB DDR3/512 SSD/W10', 4,'$ 8.199.909 ');
INSERT INTO EQUIPOS (ID_EQUIPO, TIPO_EQUIPO, PERFIL_EQUIPO, MODELO ,CARACTERISTICAS, PERFIL_CLIENTE_ID, PRECIO) VALUES (110, 'TODO EN UNO', 'DISEÑO', 'ThinkPad X390 Yoga (13.3", Intel)' , 'CI7 8Gen/8GB DDR4 SOLD/256 SSD/', 4,'$ 5.848.009');
INSERT INTO EQUIPOS (ID_EQUIPO, TIPO_EQUIPO, PERFIL_EQUIPO, MODELO ,CARACTERISTICAS, PERFIL_CLIENTE_ID, PRECIO) VALUES (111, 'TODO EN UNO', 'HOGAR', 'Hp 14-ck1023la' , 'Ci3 8gen Hdd 500gb Ram 4gb Win10', 5,'$ 1.848.009');
INSERT INTO EQUIPOS (ID_EQUIPO, TIPO_EQUIPO, PERFIL_EQUIPO, MODELO ,CARACTERISTICAS, PERFIL_CLIENTE_ID, PRECIO) VALUES (112, 'TODO EN UNO', 'HOGAR', 'Asus S530fa' , 'Ci3 8gen 4gb Ram  dd5gb', 5,'$ 1.900.009');
INSERT INTO EQUIPOS (ID_EQUIPO, TIPO_EQUIPO, PERFIL_EQUIPO, MODELO ,CARACTERISTICAS, PERFIL_CLIENTE_ID, PRECIO) VALUES (113, 'TODO EN UNO', 'HOGAR', 'Asus X409fa' , 'Core I5-8265u 4gb Ram', 5,'$ 1.900.009');

INSERT INTO EQUIPOS (ID_EQUIPO, TIPO_EQUIPO, PERFIL_EQUIPO, MODELO ,CARACTERISTICAS, PERFIL_CLIENTE_ID, PRECIO) VALUES (114, 'HIBRIDO', 'GAMER', 'Lenovo Legion Y545' , 'Core I7 9750h-512 Ssd+1tb-gtx1660ti-16gb', 1, '$ 5.799.999');
INSERT INTO EQUIPOS (ID_EQUIPO, TIPO_EQUIPO, PERFIL_EQUIPO, MODELO ,CARACTERISTICAS, PERFIL_CLIENTE_ID, PRECIO) VALUES (115, 'HIBRIDO', 'GAMER', 'Gaming 3' , 'CORE I5 10300h Gtx 1650 4g Ssd256gb+1tb 8g', 1,'$ 3.679.000');
INSERT INTO EQUIPOS (ID_EQUIPO, TIPO_EQUIPO, PERFIL_EQUIPO, MODELO ,CARACTERISTICAS, PERFIL_CLIENTE_ID, PRECIO) VALUES (116, 'HIBRIDO', 'GAMER', 'Lenovo Y7000' , 'I7-8750h 1tb+256gb Tv 1060 6g', 1,'$4.700.00');
INSERT INTO EQUIPOS (ID_EQUIPO, TIPO_EQUIPO, PERFIL_EQUIPO, MODELO ,CARACTERISTICAS, PERFIL_CLIENTE_ID, PRECIO) VALUES (117, 'HIBRIDO', 'CORPORATIVO', 'Lenovo ThinkPad T490' , '(14”, Intel) Intel Core i7-8565U Processor ( 1,80GHz 8MB )', 2,'$ 4.759.881');
INSERT INTO EQUIPOS (ID_EQUIPO, TIPO_EQUIPO, PERFIL_EQUIPO, MODELO ,CARACTERISTICAS, PERFIL_CLIENTE_ID, PRECIO) VALUES (118, 'HIBRIDO', 'CORPORATIVO', 'Thinkpad T480s' , 'Thinkpad T480s I5 8va 8gb 256ssd', 2,'$3.700.000');
INSERT INTO EQUIPOS (ID_EQUIPO, TIPO_EQUIPO, PERFIL_EQUIPO, MODELO ,CARACTERISTICAS, PERFIL_CLIENTE_ID, PRECIO) VALUES (119, 'HIBRIDO', 'CORPORATIVO', 'Thinkpad X1 Yoga' , 'i7-8va/16gb/512ssd/qhd 4k', 2,'$ 8.000.000');
INSERT INTO EQUIPOS (ID_EQUIPO, TIPO_EQUIPO, PERFIL_EQUIPO, MODELO ,CARACTERISTICAS, PERFIL_CLIENTE_ID, PRECIO) VALUES (120, 'HIBRIDO', 'ESTUDIO', 'Lenovo S145' , 'Ci3 10gen Hdd 1tb Ram 4gb Win10', 3,'$ 1.648.000');
INSERT INTO EQUIPOS (ID_EQUIPO, TIPO_EQUIPO, PERFIL_EQUIPO, MODELO ,CARACTERISTICAS, PERFIL_CLIENTE_ID, PRECIO) VALUES (121, 'HIBRIDO', 'ESTUDIO', 'Lenovo S145' , 'Ci3 10gen Hdd 1tb Ram 4gb Win10', 3,'$ 1.648.000');
INSERT INTO EQUIPOS (ID_EQUIPO, TIPO_EQUIPO, PERFIL_EQUIPO, MODELO ,CARACTERISTICAS, PERFIL_CLIENTE_ID, PRECIO) VALUES (122, 'HIBRIDO', 'ESTUDIO', 'Portatil Lenovo S145-14ast' , '(amd A6 9225 2.6g 2c Mb.)', 3,'$ 1.648.000');
INSERT INTO EQUIPOS (ID_EQUIPO, TIPO_EQUIPO, PERFIL_EQUIPO, MODELO ,CARACTERISTICAS, PERFIL_CLIENTE_ID, PRECIO) VALUES (123, 'HIBRIDO', 'ESTUDIO', 'ThinkBook 14s - Mineral Grey' , 'CI7 8Gen/8GB/256 SSD/', 3,'$ 2.000.000');
INSERT INTO EQUIPOS (ID_EQUIPO, TIPO_EQUIPO, PERFIL_EQUIPO, MODELO ,CARACTERISTICAS, PERFIL_CLIENTE_ID, PRECIO) VALUES (124, 'HIBRIDO', 'DISEÑO', 'ThinkPad L13 Yoga (13.3”, Intel)' , 'CI5 10Gen/8GB DDR4/512 SSD/W10', 4,'$ 5.206.851');
INSERT INTO EQUIPOS (ID_EQUIPO, TIPO_EQUIPO, PERFIL_EQUIPO, MODELO ,CARACTERISTICAS, PERFIL_CLIENTE_ID, PRECIO) VALUES (125, 'HIBRIDO', 'DISEÑO', 'ThinkPad X1 Yoga 4ta Gen (14”, Intel)' , 'CI7 10Gen/8GB DDR3/512 SSD/W10', 4,'$ 8.199.909 ');
INSERT INTO EQUIPOS (ID_EQUIPO, TIPO_EQUIPO, PERFIL_EQUIPO, MODELO ,CARACTERISTICAS, PERFIL_CLIENTE_ID, PRECIO) VALUES (126, 'HIBRIDO', 'DISEÑO', 'ThinkPad X390 Yoga (13.3", Intel)' , 'CI7 8Gen/8GB DDR4 SOLD/256 SSD/', 4,'$ 5.848.009');
INSERT INTO EQUIPOS (ID_EQUIPO, TIPO_EQUIPO, PERFIL_EQUIPO, MODELO ,CARACTERISTICAS, PERFIL_CLIENTE_ID, PRECIO) VALUES (127, 'HIBRIDO', 'HOGAR', 'Hp 14-ck1023la' , 'Ci3 8gen Hdd 500gb Ram 4gb Win10', 5,'$ 1.848.009');
INSERT INTO EQUIPOS (ID_EQUIPO, TIPO_EQUIPO, PERFIL_EQUIPO, MODELO ,CARACTERISTICAS, PERFIL_CLIENTE_ID, PRECIO) VALUES (128, 'HIBRIDO', 'HOGAR', 'Asus S530fa' , 'Ci3 8gen 4gb Ram  dd5gb', 5,'$ 1.900.009');
INSERT INTO EQUIPOS (ID_EQUIPO, TIPO_EQUIPO, PERFIL_EQUIPO, MODELO ,CARACTERISTICAS, PERFIL_CLIENTE_ID, PRECIO) VALUES (129, 'HIBRIDO', 'HOGAR', 'Asus X409fa' , 'Core I5-8265u 4gb Ram', 5,'$ 1.900.009');


--------------------------------------
SELECT EQUI.MODELO, EQUI.PERFIL_EQUIPO, EQUI.TIPO_EQUIPO, PER.PERFIL, EQUI.CARACTERISTICAS, EQUI.PRECIO
FROM EQUIPOS EQUI INNER JOIN PERFIL_CLIENTES PER
ON EQUI.PERFIL_CLIENTE_ID = PER.ID_PERFIL_CLIENTE;
WHERE EQUI.PERFIL_EQUIPO = 'ESTUDIO'  AND EQUI.TIPO_EQUIPO = 'PORTATIL' AND PER.PERFIL = 'ESTUDIANTE';
  
COMMIT;
  


